Name,Vertex_Index,X,Y,Z
Cube,0,0.059607651084661484,0.04792476072907448,0.38341936469078064
Cube,1,-0.030598677694797516,0.02000928483903408,-0.01601026952266693
Cube,2,0.05239549279212952,-0.10257382690906525,0.4023452699184418
Cube,3,0.04939287155866623,0.022422943264245987,-0.015810955315828323
Cube,4,-0.061567358672618866,0.06672687083482742,0.42185527086257935
Cube,5,-0.09298700094223022,-0.09659532457590103,0.022494051605463028
Cube,6,-0.09703325480222702,-0.15233224630355835,0.45046985149383545
Cube,7,0.11790001392364502,0.008328386582434177,0.008622212335467339
Cube,8,-0.030263425782322884,-0.07137668877840042,0.007944571785628796
Cube,9,0.04509124532341957,-0.06834688782691956,-0.00760089373216033
Cube,10,-0.005898107774555683,-0.1600494384765625,0.4344777464866638
Cube,11,-0.0572814866900444,-0.17707258462905884,0.45368483662605286
Cube,12,-0.031144101172685623,0.11187183856964111,-0.012257005088031292
Cube,13,0.03342190384864807,-0.14107629656791687,0.0005386420525610447
Cube,14,-0.015178482048213482,0.1318228542804718,0.39298489689826965
Cube,15,0.037814706563949585,0.12138977646827698,0.38238340616226196
Cube,16,0.11392726749181747,0.0760531947016716,0.011138925328850746
Cube,17,0.05406244844198227,0.10667005926370621,-0.004706822335720062
Cube,18,0.11239392310380936,-0.009276562370359898,0.41065678000450134
Cube,19,0.0983264371752739,-0.0704706534743309,0.3909316956996918
Cube,20,-0.13298197090625763,-0.09748461842536926,0.43424469232559204
Cube,21,-0.13103386759757996,-0.011965087614953518,0.45837289094924927
Cube,22,-0.11108710616827011,0.0847938284277916,-0.007528881076723337
Cube,23,-0.1136351004242897,-0.014115680009126663,-0.003268545726314187
Cube,24,0.07536240667104721,-0.139508455991745,0.004699134733527899
Cube,25,0.11549582332372665,-0.07952331751585007,0.005278102587908506
Cube,26,-0.05604276806116104,-0.1467639058828354,0.01718590408563614
Cube,27,-0.02118103578686714,-0.14213663339614868,0.009355065412819386
Cube,28,0.12188991904258728,0.02274804376065731,0.27922526001930237
Cube,29,-0.16149087250232697,-0.024333860725164413,0.3038112223148346
Cube,30,-0.01303472463041544,-0.1786041557788849,0.3822670578956604
Cube,31,0.12301694601774216,-0.09646455943584442,0.271341472864151
Cube,32,-0.10396795719861984,-0.16137924790382385,0.40375077724456787
Cube,33,0.13919921219348907,-0.02733263559639454,0.273154079914093
Cube,34,-0.03046143241226673,0.14407393336296082,0.28571200370788574
Cube,35,-0.06926252692937851,-0.1879078596830368,0.4176608622074127
Cube,36,-0.16595453023910522,-0.07524993270635605,0.3190130889415741
Cube,37,0.03056439943611622,0.1370733082294464,0.28351446986198425
Cube,38,0.043904051184654236,-0.14576201140880585,0.34776002168655396
Cube,39,-0.1222236379981041,0.026705924421548843,0.31254053115844727
Cube,40,0.12390201538801193,-0.4354571998119354,0.1192522943019867
Cube,41,0.16750870645046234,-0.46165335178375244,0.00924658216536045
Cube,42,-0.14425505697727203,-0.4470111131668091,0.1850517988204956
Cube,43,-0.129049614071846,-0.46240484714508057,-7.186248694779351e-06
Cube,44,-0.056898146867752075,-0.5019241571426392,-0.006589584518224001
Cube,45,-0.062155142426490784,-0.4492022395133972,0.18335936963558197
Cube,46,0.025718262419104576,-0.49884843826293945,-0.011211228556931019
Cube,47,0.00036505539901554585,-0.44343769550323486,0.15816064178943634
Cube,48,0.10283887386322021,-0.4922253489494324,-0.011746052652597427
Cube,49,0.04912194237112999,-0.4442940354347229,0.1519162803888321
Cube,50,-0.19465084373950958,-0.4454962909221649,0.009074908681213856
Cube,51,-0.19333712756633759,-0.4586324691772461,0.12477628141641617
Cube,52,-0.004711344838142395,-0.28813502192497253,0.26412034034729004
Cube,53,-0.009325699880719185,-0.36103177070617676,0.20685017108917236
Cube,54,0.04041913151741028,-0.351423054933548,0.19430500268936157
Cube,55,0.040416598320007324,-0.27976495027542114,0.24103307723999023
Cube,56,0.10888028889894485,-0.34663593769073486,0.15619584918022156
Cube,57,0.08698154240846634,-0.25539499521255493,0.20461523532867432
Cube,58,0.1429874151945114,-0.25774499773979187,0.022579284384846687
Cube,59,0.14745354652404785,-0.35568317770957947,0.02194307930767536
Cube,60,-0.07493551820516586,-0.3755286931991577,0.23091965913772583
Cube,61,-0.08091925084590912,-0.2926443815231323,0.29917100071907043
Cube,62,-0.015783902257680893,-0.2949531078338623,0.00845221895724535
Cube,63,-0.031788550317287445,-0.3856365382671356,0.011736479587852955
Cube,64,0.03225939720869064,-0.38023221492767334,-0.009457753971219063
Cube,65,0.04278263822197914,-0.2879168689250946,-0.0033215030562132597
Cube,66,0.09706781059503555,-0.26913535594940186,0.001911788247525692
Cube,67,0.09791817516088486,-0.3697690963745117,-0.0035249260254204273
Cube,68,-0.057449210435152054,-0.29113632440567017,0.018376532942056656
Cube,69,-0.0985988900065422,-0.3695659935474396,0.0038013660814613104
Cube,70,-0.13381128013134003,-0.2738840878009796,0.2802341878414154
Cube,71,-0.1375003457069397,-0.3533315658569336,0.23425641655921936
Cube,72,-0.17444807291030884,-0.3404512107372284,0.17360496520996094
Cube,73,-0.16075390577316284,-0.25762927532196045,0.20763680338859558
Cube,74,-0.15008209645748138,-0.35112664103507996,0.02990136295557022
Cube,75,-0.10617437213659286,-0.26648855209350586,0.04633672162890434
Cube,76,0.12138828635215759,-0.0634005144238472,0.1221349835395813
Cube,77,0.13863658905029297,-0.06545852869749069,0.071208655834198
Cube,78,-0.13304197788238525,-0.017408009618520737,0.14884436130523682
Cube,79,-0.15571044385433197,-0.01242773700505495,0.06116203963756561
Cube,80,0.11953821778297424,0.009759585373103619,0.1315673142671585
Cube,81,0.13191229104995728,0.01074537355452776,0.06645455211400986
Cube,82,0.05396682769060135,0.17561174929141998,0.11346253752708435
Cube,83,0.05513796955347061,0.1633376181125641,0.02941046841442585
Cube,84,-0.12368305772542953,0.11121141910552979,0.13717497885227203
Cube,85,-0.14468637108802795,0.1057005450129509,0.04472009092569351
Cube,86,0.12102267891168594,0.08651874214410782,0.06389676779508591
Cube,87,0.1074037253856659,0.0906999483704567,0.12872765958309174
Cube,88,-0.04840775951743126,0.1816154569387436,0.03726572543382645
Cube,89,-0.05394848808646202,0.19682776927947998,0.11278184503316879
Cube,90,-0.14181791245937347,-0.08820611238479614,0.07157639414072037
Cube,91,-0.14113077521324158,-0.09726545959711075,0.15025803446769714
Cube,92,0.16324740648269653,-0.4374038279056549,0.08113918453454971
Cube,93,0.18092739582061768,-0.4604838788509369,0.05248725786805153
Cube,94,0.010713615454733372,-0.5519590377807617,0.0025435895659029484
Cube,95,-0.05431491509079933,-0.5494087338447571,-0.0040271710604429245
Cube,96,0.14376993477344513,-0.5422880053520203,0.0057040066458284855
Cube,97,0.11303596943616867,-0.5207026600837708,0.10523944348096848
Cube,98,-0.22331827878952026,-0.4411572515964508,0.0345790795981884
Cube,99,-0.22075031697750092,-0.44814321398735046,0.08579644560813904
Cube,100,-0.16986027359962463,-0.2541242241859436,0.150295227766037
Cube,101,-0.15981976687908173,-0.25126203894615173,0.09308116137981415
Cube,102,-0.1926119476556778,-0.33566001057624817,0.131228968501091
Cube,103,-0.18637210130691528,-0.33726558089256287,0.06262816488742828
Cube,104,0.1541995108127594,-0.2521527111530304,0.06950376182794571
Cube,105,0.1442154496908188,-0.24704968929290771,0.1076158657670021
Cube,106,0.16080164909362793,-0.35014477372169495,0.057268012315034866
Cube,107,0.15305694937705994,-0.3431731164455414,0.09093593806028366
Cube,108,-0.20171235501766205,-0.5293703675270081,0.006781379692256451
Cube,109,0.15493270754814148,-0.5161647796630859,0.07487228512763977
Cube,110,0.16767345368862152,-0.5249125957489014,0.05792968347668648
Cube,111,0.02700250782072544,-0.567764163017273,0.1058637946844101
Cube,112,0.04094604030251503,-0.23220311105251312,0.27111414074897766
Cube,113,0.08324287086725235,-0.19265934824943542,0.2413834035396576
Cube,114,-0.07800862938165665,-0.2399921715259552,0.34077635407447815
Cube,115,0.0358528196811676,-0.21323122084140778,0.008408742025494576
Cube,116,-0.13992927968502045,-0.1828012317419052,0.22110088169574738
Cube,117,-0.08854684978723526,-0.18389740586280823,0.04335538670420647
Cube,118,-0.010761415585875511,-0.2480422407388687,0.3019002377986908
Cube,119,0.12917561829090118,-0.16811560094356537,0.018779587000608444
Cube,120,-0.016925539821386337,-0.21569544076919556,0.01590261049568653
Cube,121,0.08943847566843033,-0.1978214830160141,0.007680716924369335
Cube,122,-0.047683894634246826,-0.2094814032316208,0.022896666079759598
Cube,123,-0.11979343742132187,-0.1863299459218979,0.33948418498039246
Cube,124,0.13859909772872925,-0.15209950506687164,0.11181801557540894
Cube,125,0.13914404809474945,-0.15584921836853027,0.07332585006952286
Cube,126,-0.13376480340957642,-0.1706697642803192,0.08309204876422882
Cube,127,-0.15611301362514496,-0.1722835898399353,0.1467604786157608
Cube,128,0.1214328408241272,-0.07723252475261688,0.19583141803741455
Cube,129,-0.037113457918167114,0.17702911794185638,0.22383219003677368
Cube,130,0.13130389153957367,-0.014960745349526405,0.19959650933742523
Cube,131,-0.15039607882499695,-0.07365550100803375,0.2657412886619568
Cube,132,0.11888539046049118,0.01690497063100338,0.2290392965078354
Cube,133,-0.11592628806829453,0.0380941778421402,0.25719988346099854
Cube,134,-0.1401863545179367,-0.0217314250767231,0.24410554766654968
Cube,135,0.03966756537556648,0.1613037884235382,0.20957116782665253
Cube,136,0.1020832285284996,-0.6722598075866699,0.005494925659149885
Cube,137,0.11787855625152588,-0.6717692613601685,0.008978684432804585
Cube,138,0.1409142166376114,-0.6488547921180725,0.027203112840652466
Cube,139,0.11545807868242264,-0.6694915890693665,0.036512356251478195
Cube,140,0.10467719286680222,-0.6745771765708923,0.037482909858226776
Cube,141,0.13744986057281494,-0.6478700041770935,0.03866717591881752
Cube,142,0.10273852944374084,-0.6780941486358643,0.016518492251634598
Cube,143,0.12212932109832764,-0.6771045327186584,0.021678375080227852
Cube,144,0.14301522076129913,-0.6389034986495972,0.0405803918838501
Cube,145,0.10386080294847488,-0.6779658794403076,0.028166519477963448
Cube,146,0.12176702171564102,-0.6759228110313416,0.029679520055651665
Cube,147,0.144516259431839,-0.6392847895622253,0.02531544677913189
Cube,148,0.10545574128627777,-0.6540093421936035,0.004937158431857824
Cube,149,0.12480972707271576,-0.657301664352417,0.008210767060518265
Cube,150,0.11948802322149277,-0.6328372359275818,0.050441674888134
Cube,151,0.1196073666214943,-0.6627054810523987,0.03671471029520035
Cube,152,0.12409362196922302,-0.6555302143096924,0.0380510538816452
Cube,153,0.13282540440559387,-0.6649994850158691,0.02522876113653183
Cube,154,0.13277073204517365,-0.6312881708145142,0.009769030846655369
Cube,155,0.12951894104480743,-0.6628546714782715,0.03295600786805153
Cube,156,0.11295639723539352,-0.6263696551322937,0.013645798899233341
Cube,157,0.1157141849398613,-0.6480534672737122,0.04558177292346954
Cube,158,0.11011610925197601,-0.6361169815063477,0.00815345998853445
Cube,159,0.11997776478528976,-0.6576547026634216,0.03736856207251549
Cube,160,0.13057219982147217,-0.6408789753913879,0.008139828220009804
Cube,161,0.12422946840524673,-0.6627206802368164,0.035599783062934875
Cube,162,0.12917651236057281,-0.6511827707290649,0.041050609201192856
Cube,163,0.11988671869039536,-0.6736706495285034,0.03322790935635567
Cube,164,0.10780342668294907,-0.668999969959259,0.041007183492183685
Cube,165,0.11266322433948517,-0.6567118167877197,0.040778666734695435
Cube,166,0.11064448952674866,-0.662407636642456,0.0399000346660614
Cube,167,0.12218264490365982,-0.6629137992858887,0.036460477858781815
Cube,168,0.11774179339408875,-0.6726348400115967,0.035135455429553986
Cube,169,0.10593174397945404,-0.6732243895530701,0.03989865258336067
Cube,170,0.11395895481109619,-0.6526105999946594,0.039934657514095306
Cube,171,0.14742490649223328,-0.6286971569061279,0.045483559370040894
Cube,172,0.148774653673172,-0.6278426647186279,0.02906418964266777
Cube,173,0.12249357253313065,-0.6235888004302979,0.05838906392455101
Cube,174,0.13935716450214386,-0.6265738010406494,0.05336291342973709
Cube,175,0.13625191152095795,-0.6207299828529358,0.01364877074956894
Cube,176,0.11423715949058533,-0.6187744140625,0.01918339543044567
Cube,177,0.13510923087596893,-0.6351908445358276,0.04721806198358536
Cube,178,0.15012609958648682,-0.6148229241371155,0.05432022735476494
Cube,179,0.15180470049381256,-0.615805983543396,0.033986251801252365
Cube,180,0.12551836669445038,-0.6160260438919067,0.06708347797393799
Cube,181,0.1378682404756546,-0.6089258790016174,0.06822798401117325
Cube,182,0.13926361501216888,-0.6110750436782837,0.013383614830672741
Cube,183,0.11460339277982712,-0.6095943450927734,0.02415267936885357
Cube,184,0.11559119075536728,-0.5990681648254395,0.025921225547790527
Cube,185,0.1434822529554367,-0.6024280786514282,0.01206297054886818
Cube,186,0.14208616316318512,-0.5960114598274231,0.06805747747421265
Cube,187,0.12319056689739227,-0.5886894464492798,0.08046030253171921
Cube,188,0.1520494669675827,-0.6028677225112915,0.0380706787109375
Cube,189,0.1495390683412552,-0.5994726419448853,0.05902477353811264
Cube,190,0.14334575831890106,-0.6129180788993835,0.061203427612781525
Cube,191,0.12603029608726501,-0.6089515686035156,0.07160840183496475
Cube,192,0.12440073490142822,-0.5960705280303955,0.08073504269123077
Cube,193,0.13680297136306763,-0.5986791849136353,0.07376259565353394
Cube,194,0.15401196479797363,-0.5783288478851318,0.018479319289326668
Cube,195,0.15439830720424652,-0.572425127029419,0.05047919601202011
Cube,196,0.14668042957782745,-0.568286120891571,0.06731074303388596
Cube,197,0.1377401500940323,-0.5664511919021606,0.08097992837429047
Cube,198,0.12635789811611176,-0.5756365060806274,0.016404330730438232
Cube,199,0.11910223215818405,-0.5658552050590515,0.08991429209709167
Cube,200,0.09151988476514816,-0.6659968495368958,0.011787710711359978
Cube,201,0.0908469408750534,-0.6417575478553772,0.038095805794000626
Cube,202,0.1002427190542221,-0.6676076054573059,0.040815722197294235
Cube,203,0.09285734593868256,-0.6446205973625183,0.04523523524403572
Cube,204,0.08775682002305984,-0.671195924282074,0.021305330097675323
Cube,205,0.09559725224971771,-0.6334791779518127,0.04721197113394737
Cube,206,0.08913114666938782,-0.671587347984314,0.033114243298769
Cube,207,0.09336572885513306,-0.6328277587890625,0.03950947895646095
Cube,208,0.09039349108934402,-0.6548336148262024,0.01570143736898899
Cube,209,0.10080108791589737,-0.6602793335914612,0.04232962429523468
Cube,210,0.10033008456230164,-0.653113067150116,0.042670510709285736
Cube,211,0.08745676279067993,-0.6570802330970764,0.029048889875411987
Cube,212,0.09833376109600067,-0.6314911246299744,0.03070266731083393
Cube,213,0.09049790352582932,-0.6580764055252075,0.03868124634027481
Cube,214,0.10287001729011536,-0.6556473970413208,0.04234230890870094
Cube,215,0.09661663323640823,-0.6394824385643005,0.025365173816680908
Cube,216,0.09403619915246964,-0.659453809261322,0.043476276099681854
Cube,217,0.09906551241874695,-0.6471908092498779,0.04871426895260811
Cube,218,0.09412582218647003,-0.6697407364845276,0.03846867382526398
Cube,219,0.09670407325029373,-0.6600404381752014,0.04140039533376694
Cube,220,0.09741605073213577,-0.6697764992713928,0.0401206873357296
Cube,221,0.0977184921503067,-0.6226350665092468,0.04887542873620987
Cube,222,0.09653282910585403,-0.622498631477356,0.04152755066752434
Cube,223,0.10474032908678055,-0.6228843927383423,0.05674747750163078
Cube,224,0.10170044004917145,-0.6220043301582336,0.03287431225180626
Cube,225,0.1023944541811943,-0.6329501867294312,0.05236681550741196
Cube,226,0.09946535527706146,-0.6087993383407593,0.05605747550725937
Cube,227,0.10082754492759705,-0.6098835468292236,0.044719476252794266
Cube,228,0.11111472547054291,-0.6066380739212036,0.0673985630273819
Cube,229,0.1064794585108757,-0.6109792590141296,0.03605881333351135
Cube,230,0.10847572237253189,-0.5975783467292786,0.03673655167222023
Cube,231,0.10489317029714584,-0.5925251245498657,0.06588216125965118
Cube,232,0.10411333292722702,-0.5956054329872131,0.04547300562262535
Cube,233,0.10356656461954117,-0.5932683944702148,0.056805700063705444
Cube,234,0.10411267727613449,-0.6091113090515137,0.0621885284781456
Cube,235,0.10975710302591324,-0.5964690446853638,0.07160289585590363
Cube,236,0.11189456284046173,-0.5784358978271484,0.03255815431475639
Cube,237,0.1058843582868576,-0.577285647392273,0.046925291419029236
Cube,238,0.10577086359262466,-0.5706467628479004,0.060883503407239914
Cube,239,0.10719569772481918,-0.566702127456665,0.07732360810041428
Cube,240,-0.1431007981300354,-0.7444714903831482,0.030065132305026054
Cube,241,-0.10939835757017136,-0.731801450252533,0.03723650798201561
Cube,242,-0.09357231110334396,-0.6774652600288391,0.05132756009697914
Cube,243,-0.12899211049079895,-0.736303985118866,0.0901646688580513
Cube,244,-0.1516733318567276,-0.7520227432250977,0.0913892313838005
Cube,245,-0.1010633036494255,-0.6783872842788696,0.07541991770267487
Cube,246,-0.14423206448554993,-0.7564530968666077,0.0484127551317215
Cube,247,-0.10757075250148773,-0.7420058250427246,0.05421040579676628
Cube,248,-0.10172733664512634,-0.6479543447494507,0.07477493584156036
Cube,249,-0.14790472388267517,-0.7615057229995728,0.06995241343975067
Cube,250,-0.11076083034276962,-0.7447336316108704,0.07323702424764633
Cube,251,-0.09545809775590897,-0.6469425559043884,0.05032174289226532
Cube,252,-0.14417994022369385,-0.7110799551010132,0.007895397953689098
Cube,253,-0.09897728264331818,-0.708145022392273,0.029129737988114357
Cube,254,-0.15454764664173126,-0.6521062254905701,0.10888149589300156
Cube,255,-0.12191245704889297,-0.7113758325576782,0.08991456776857376
Cube,256,-0.12116632610559464,-0.6824275255203247,0.08910070359706879
Cube,257,-0.1349475234746933,-0.6396774053573608,0.11846760660409927
Cube,258,-0.09608285874128342,-0.7095621228218079,0.05043751001358032
Cube,259,-0.10408889502286911,-0.6460714340209961,0.029167966917157173
Cube,260,-0.10436693578958511,-0.7109596729278564,0.07476378977298737
Cube,261,-0.15642188489437103,-0.6477436423301697,0.005277479998767376
Cube,262,-0.1548587828874588,-0.6740153431892395,0.09552036225795746
Cube,263,-0.1491130292415619,-0.6785128116607666,0.0026578474789857864
Cube,264,-0.12652437388896942,-0.6943526864051819,0.0898502990603447
Cube,265,-0.10175629705190659,-0.6773590445518494,0.028138458728790283
Cube,266,-0.11143985390663147,-0.7094230055809021,0.08940345793962479
Cube,267,-0.11752276867628098,-0.6783118844032288,0.09062068164348602
Cube,268,-0.11810071766376495,-0.7397506833076477,0.08562789112329483
Cube,269,-0.15223611891269684,-0.7434917688369751,0.09412230551242828
Cube,270,-0.15505895018577576,-0.6914937496185303,0.09010369330644608
Cube,271,-0.1532966047525406,-0.7166873216629028,0.09072090685367584
Cube,272,-0.11520291864871979,-0.7102387547492981,0.0897357314825058
Cube,273,-0.12159958481788635,-0.739940345287323,0.08910484611988068
Cube,274,-0.15149664878845215,-0.7497905492782593,0.09425397962331772
Cube,275,-0.15569470822811127,-0.6795693039894104,0.0907067358493805
Cube,276,-0.11217497289180756,-0.6057388782501221,0.07783348858356476
Cube,277,-0.10484615713357925,-0.6086470484733582,0.048634182661771774
Cube,278,-0.14997610449790955,-0.6040986776351929,0.12470408529043198
Cube,279,-0.12222937494516373,-0.6072027683258057,0.11675514280796051
Cube,280,-0.1166311725974083,-0.6083903908729553,0.026554949581623077
Cube,281,-0.1632300466299057,-0.611873984336853,0.02028375118970871
Cube,282,-0.11589979380369186,-0.6482823491096497,0.10758702456951141
Cube,283,-0.15553587675094604,-0.6412001848220825,0.1179160550236702
Cube,284,-0.153901606798172,-0.6253442764282227,0.12527011334896088
Cube,285,-0.11644814163446426,-0.5733472108840942,0.09104377031326294
Cube,286,-0.13396617770195007,-0.6249175071716309,0.12346180528402328
Cube,287,-0.10899525880813599,-0.5841498970985413,0.05105391889810562
Cube,288,-0.14220649003982544,-0.5764105916023254,0.13426586985588074
Cube,289,-0.10868486762046814,-0.5640087127685547,0.11658602207899094
Cube,290,-0.12550762295722961,-0.5853057503700256,0.024506879970431328
Cube,291,-0.16224996745586395,-0.580190896987915,0.018175799399614334
Cube,292,-0.18364036083221436,-0.733994722366333,0.03376346826553345
Cube,293,-0.21693137288093567,-0.6796602010726929,0.043912019580602646
Cube,294,-0.1830912083387375,-0.7392352819442749,0.0934097096323967
Cube,295,-0.21032080054283142,-0.6797253489494324,0.07082413882017136
Cube,296,-0.18813960254192352,-0.7432789206504822,0.05345282703638077
Cube,297,-0.21985894441604614,-0.6509906053543091,0.07096408307552338
Cube,298,-0.19425368309020996,-0.7467879056930542,0.07594417035579681
Cube,299,-0.22167997062206268,-0.6517642736434937,0.043812017887830734
Cube,300,-0.1951395869255066,-0.7089509963989258,0.023318639025092125
Cube,301,-0.18669700622558594,-0.7124499678611755,0.09155026823282242
Cube,302,-0.1922263503074646,-0.6821419596672058,0.08916027843952179
Cube,303,-0.18736591935157776,-0.6400941014289856,0.11025553941726685
Cube,304,-0.20438773930072784,-0.7090641856193542,0.04791782423853874
Cube,305,-0.20923596620559692,-0.6500648260116577,0.019972553476691246
Cube,306,-0.20149096846580505,-0.7108123302459717,0.07376290112733841
Cube,307,-0.185954749584198,-0.6932191848754883,0.09049142152070999
Cube,308,-0.20471429824829102,-0.6784048080444336,0.016659164801239967
Cube,309,-0.19522422552108765,-0.709997832775116,0.08992143720388412
Cube,310,-0.196250319480896,-0.6791316866874695,0.0894169881939888
Cube,311,-0.1921972781419754,-0.7423250079154968,0.08958190679550171
Cube,312,-0.19210323691368103,-0.7109243273735046,0.09086978435516357
Cube,313,-0.18888512253761292,-0.7427248358726501,0.09257359802722931
Cube,314,-0.21107114851474762,-0.6144765615463257,0.07141580432653427
Cube,315,-0.21342404186725616,-0.6153927445411682,0.04668240249156952
Cube,316,-0.18720459938049316,-0.6126189827919006,0.1067034974694252
Cube,317,-0.1986423283815384,-0.6148905158042908,0.028973877429962158
Cube,318,-0.20050962269306183,-0.6526874303817749,0.09793723374605179
Cube,319,-0.2049143761396408,-0.5842627286911011,0.07231594622135162
Cube,320,-0.18592244386672974,-0.6258669495582581,0.11375585198402405
Cube,321,-0.21309997141361237,-0.5806293487548828,0.041900746524333954
Cube,322,-0.184060201048851,-0.5858122706413269,0.10721214860677719
Cube,323,-0.1975337415933609,-0.5790106058120728,0.02431468665599823
Cube,324,-0.0626477301120758,-0.7404417991638184,0.029678475111722946
Cube,325,-0.04183957353234291,-0.7345155477523804,0.033806487917900085
Cube,326,-0.03216077387332916,-0.6956083178520203,0.04299256205558777
Cube,327,-0.05338811129331589,-0.7298904061317444,0.07343798875808716
Cube,328,-0.06010355055332184,-0.7383249402046204,0.07275719195604324
Cube,329,-0.035098958760499954,-0.696604311466217,0.05876342952251434
Cube,330,-0.06188353896141052,-0.7469348907470703,0.04394245520234108
Cube,331,-0.0376911424100399,-0.7409349083900452,0.04681273177266121
Cube,332,-0.03529147058725357,-0.6796269416809082,0.059238988906145096
Cube,333,-0.059598132967948914,-0.7449471354484558,0.05773812159895897
Cube,334,-0.03793003782629967,-0.7405059337615967,0.06036220118403435
Cube,335,-0.03335733339190483,-0.678087055683136,0.04337793588638306
Cube,336,-0.06082543730735779,-0.7157734036445618,0.011111808940768242
Cube,337,-0.03682941943407059,-0.7183527946472168,0.02697329968214035
Cube,338,-0.062278300523757935,-0.6803573369979858,0.08125513792037964
Cube,339,-0.04874753952026367,-0.7182050347328186,0.07296760380268097
Cube,340,-0.047008465975522995,-0.7086034417152405,0.07141733169555664
Cube,341,-0.032101068645715714,-0.7193187475204468,0.04202879220247269
Cube,342,-0.03727508336305618,-0.6751502752304077,0.031060343608260155
Cube,343,-0.0342528335750103,-0.7189210057258606,0.058894332498311996
Cube,344,-0.05731097608804703,-0.6688529253005981,0.018080618232488632
Cube,345,-0.06408104300498962,-0.7032653093338013,0.07643303275108337
Cube,346,-0.05889386311173439,-0.6871630549430847,0.011318583972752094
Cube,347,-0.051550354808568954,-0.7113106846809387,0.07237876206636429
Cube,348,-0.03629123046994209,-0.6930674314498901,0.026600714772939682
Cube,349,-0.040151480585336685,-0.7184131145477295,0.07004626095294952
Cube,350,-0.043903931975364685,-0.7053380608558655,0.07252634316682816
Cube,351,-0.044625431299209595,-0.7356196045875549,0.07006385177373886
Cube,352,-0.06099408119916916,-0.7318534851074219,0.07414284348487854
Cube,353,-0.06266514956951141,-0.7105063796043396,0.0732179582118988
Cube,354,-0.061839938163757324,-0.7172774076461792,0.07325137406587601
Cube,355,-0.04314997419714928,-0.718505859375,0.07116162776947021
Cube,356,-0.0475393570959568,-0.7342839241027832,0.07265322655439377
Cube,357,-0.0603083111345768,-0.736237645149231,0.07521805912256241
Cube,358,-0.06372580677270889,-0.7061964273452759,0.07340531796216965
Cube,359,-0.034622836858034134,-0.6681287288665771,0.06441915780305862
Cube,360,-0.03283901885151863,-0.6666193604469299,0.049336083233356476
Cube,361,-0.061775244772434235,-0.6672227382659912,0.08728630840778351
Cube,362,-0.041808612644672394,-0.6672573685646057,0.07631663978099823
Cube,363,-0.03780079260468483,-0.662710428237915,0.03452397510409355
Cube,364,-0.057584937661886215,-0.656950056552887,0.022517306730151176
Cube,365,-0.041110873222351074,-0.6791247725486755,0.07465486973524094
Cube,366,-0.0334353968501091,-0.6454001069068909,0.08189108222723007
Cube,367,-0.033161379396915436,-0.644425094127655,0.06276612728834152
Cube,368,-0.06286664307117462,-0.6504894495010376,0.10247940570116043
Cube,369,-0.05153168365359306,-0.640397846698761,0.10275193303823471
Cube,370,-0.03911609202623367,-0.6424017548561096,0.04580021649599075
Cube,371,-0.058460574597120285,-0.6387503147125244,0.03108431212604046
Cube,372,-0.059855200350284576,-0.6200960874557495,0.029590055346488953
Cube,373,-0.0387754812836647,-0.6204562187194824,0.044842805713415146
Cube,374,-0.04287688806653023,-0.6205268502235413,0.10008171200752258
Cube,375,-0.06338101625442505,-0.6155680418014526,0.10947942733764648
Cube,376,-0.03359280154109001,-0.6203698515892029,0.06263096630573273
Cube,377,-0.03379560261964798,-0.6200261116027832,0.08484906703233719
Cube,378,-0.04288756474852562,-0.6465159058570862,0.09404853731393814
Cube,379,-0.06318443268537521,-0.6415181756019592,0.10550181567668915
Cube,380,-0.06345421075820923,-0.6261488795280457,0.10945344716310501
Cube,381,-0.051394131034612656,-0.6267486214637756,0.10743970423936844
Cube,382,-0.040708981454372406,-0.5871913433074951,0.04363246262073517
Cube,383,-0.037323303520679474,-0.5830399394035339,0.06533727794885635
Cube,384,-0.03723551705479622,-0.57706618309021,0.09246297925710678
Cube,385,-0.04578838869929314,-0.5766052007675171,0.11373192071914673
Cube,386,-0.05952971428632736,-0.5864667296409607,0.029077759012579918
Cube,387,-0.06353746354579926,-0.574556291103363,0.1258426159620285
Cube,388,-0.08563335984945297,-0.7328519225120544,0.031724292784929276
Cube,389,-0.0951882004737854,-0.6900508999824524,0.042703621089458466
Cube,390,-0.06981053203344345,-0.7294247150421143,0.07180740684270859
Cube,391,-0.0902152806520462,-0.6931470036506653,0.05886812508106232
Cube,392,-0.0899331346154213,-0.7398675084114075,0.04659775644540787
Cube,393,-0.08822160214185715,-0.674333930015564,0.058984529227018356
Cube,394,-0.0882907286286354,-0.7410984635353088,0.05979568138718605
Cube,395,-0.09139904379844666,-0.6725679636001587,0.041727203875780106
Cube,396,-0.08850503712892532,-0.7137332558631897,0.023554813116788864
Cube,397,-0.0747324675321579,-0.7188739776611328,0.07247841358184814
Cube,398,-0.07768023759126663,-0.7087510824203491,0.07039818912744522
Cube,399,-0.09600923955440521,-0.7156102061271667,0.04236818850040436
Cube,400,-0.08348939567804337,-0.6693678498268127,0.025962041690945625
Cube,401,-0.09227680414915085,-0.7172138094902039,0.059254951775074005
Cube,402,-0.07259515672922134,-0.7127233743667603,0.07165126502513885
Cube,403,-0.08794622868299484,-0.6868996620178223,0.021412720903754234
Cube,404,-0.08369143307209015,-0.7189503908157349,0.06959566473960876
Cube,405,-0.08103936910629272,-0.7042716145515442,0.0716158077120781
Cube,406,-0.08086126297712326,-0.7361245155334473,0.06773793697357178
Cube,407,-0.0804295539855957,-0.7191585302352905,0.07066293060779572
Cube,408,-0.07754280418157578,-0.7344189882278442,0.0701104924082756
Cube,409,-0.08869747072458267,-0.663629949092865,0.06313059478998184
Cube,410,-0.09156190603971481,-0.6621038913726807,0.04715357720851898
Cube,411,-0.08033177256584167,-0.6645419001579285,0.0738658457994461
Cube,412,-0.0828263908624649,-0.6582414507865906,0.029544247314333916
Cube,413,-0.08183359354734421,-0.6765498518943787,0.07346546649932861
Cube,414,-0.09190886467695236,-0.6438277959823608,0.07598775625228882
Cube,415,-0.09246395528316498,-0.6424998044967651,0.05721511319279671
Cube,416,-0.07573747634887695,-0.6392623782157898,0.09881527721881866
Cube,417,-0.0850415751338005,-0.6398683786392212,0.03830880671739578
Cube,418,-0.08357424288988113,-0.6203301548957825,0.037316225469112396
Cube,419,-0.08096612989902496,-0.6173428893089294,0.09453468024730682
Cube,420,-0.09334001690149307,-0.6198946237564087,0.05657534673810005
Cube,421,-0.09234927594661713,-0.6175687313079834,0.07787726819515228
Cube,422,-0.0837065652012825,-0.6448156833648682,0.08885259181261063
Cube,423,-0.0762052983045578,-0.6252437233924866,0.10338842123746872
Cube,424,-0.08301042765378952,-0.5864852070808411,0.03166194632649422
Cube,425,-0.0889969915151596,-0.5800693035125732,0.05616750940680504
Cube,426,-0.08637287467718124,-0.5699331164360046,0.0858711525797844
Cube,427,-0.07764960825443268,-0.5662578344345093,0.11264881491661072
Cube,428,-0.005026949569582939,-0.7217458486557007,0.01912667416036129
Cube,429,0.015608620829880238,-0.7108610272407532,0.017256960272789
Cube,430,0.022743862122297287,-0.674760639667511,0.03864350542426109
Cube,431,0.00849507562816143,-0.7066291570663452,0.06288489699363708
Cube,432,0.000179101072717458,-0.7181441187858582,0.0641138032078743
Cube,433,0.02242179587483406,-0.6764839887619019,0.05212413892149925
Cube,434,-0.0037427747156471014,-0.7274564504623413,0.036972127854824066
Cube,435,0.018759887665510178,-0.7148398160934448,0.032847341150045395
Cube,436,0.02295987494289875,-0.6652529239654541,0.0546598918735981
Cube,437,-0.0015632528811693192,-0.7260710597038269,0.05118139460682869
Cube,438,0.020282043144106865,-0.7149896621704102,0.04860229045152664
Cube,439,0.02205893024802208,-0.6644878387451172,0.043283749371767044
Cube,440,-0.005994576960802078,-0.6924840211868286,0.00517288176342845
Cube,441,0.018334174528717995,-0.6925256252288818,0.013098533265292645
Cube,442,-0.0017940273974090815,-0.6647055745124817,0.07097987830638885
Cube,443,0.010807820595800877,-0.6976672410964966,0.06307031959295273
Cube,444,0.011883807368576527,-0.6905728578567505,0.0624479204416275
Cube,445,0.024661336094141006,-0.6924890279769897,0.02710290253162384
Cube,446,0.015812186524271965,-0.6621183156967163,0.03521158918738365
Cube,447,0.022996356710791588,-0.693427324295044,0.04675197973847389
Cube,448,-0.003277834737673402,-0.6583378911018372,0.027032289654016495
Cube,449,0.00039191514952108264,-0.685286819934845,0.0664554089307785
Cube,450,-0.00422830693423748,-0.6685778498649597,0.018659109249711037
Cube,451,0.008489940315485,-0.6930496692657471,0.062874935567379
Cube,452,0.016521017998456955,-0.6722660064697266,0.026503747329115868
Cube,453,0.017546802759170532,-0.6957818269729614,0.06014007329940796
Cube,454,0.014211444184184074,-0.6878694295883179,0.0636737123131752
Cube,455,0.01698528602719307,-0.7118930816650391,0.05916890129446983
Cube,456,0.0003625173703767359,-0.7097881436347961,0.06536281108856201
Cube,457,9.042168676387519e-05,-0.6924663782119751,0.06457319855690002
Cube,458,-8.221033203881234e-05,-0.6987359523773193,0.06462565809488297
Cube,459,0.015200392343103886,-0.696591317653656,0.06141834706068039
Cube,460,0.014598402194678783,-0.7106285691261292,0.06214245408773422
Cube,461,0.00033389549935236573,-0.7165143489837646,0.06605792790651321
Cube,462,0.0002931570343207568,-0.6891460418701172,0.06383025646209717
Cube,463,0.023153766989707947,-0.6539435982704163,0.05961070582270622
Cube,464,0.023153405636548996,-0.6543968915939331,0.04907478019595146
Cube,465,-0.0026146552991122007,-0.6522312164306641,0.0777595043182373
Cube,466,0.01446467638015747,-0.6531379222869873,0.06894238293170929
Cube,467,0.014919399283826351,-0.6525842547416687,0.040260881185531616
Cube,468,-0.002971316920593381,-0.6492338180541992,0.03265991434454918
Cube,469,0.016593892127275467,-0.6646702885627747,0.06631602346897125
Cube,470,0.024330399930477142,-0.6346554160118103,0.07559014856815338
Cube,471,0.023839356377720833,-0.6349218487739563,0.059676505625247955
Cube,472,-0.0020186114124953747,-0.6383818984031677,0.09265277534723282
Cube,473,0.00773899769410491,-0.6283169984817505,0.09454227983951569
Cube,474,0.015139603987336159,-0.634799063205719,0.0492967888712883
Cube,475,-0.0022811847738921642,-0.6337887644767761,0.04293005168437958
Cube,476,-0.0024750723969191313,-0.6145057678222656,0.042039889842271805
Cube,477,0.01646534726023674,-0.6146995425224304,0.04875002056360245
Cube,478,0.012960268184542656,-0.613941490650177,0.09403479099273682
Cube,479,-0.0014778790064156055,-0.6084134578704834,0.10311929881572723
Cube,480,0.025572074577212334,-0.6142746806144714,0.06167011708021164
Cube,481,0.025662416592240334,-0.6133981943130493,0.08023467659950256
Cube,482,0.014395339414477348,-0.6345118284225464,0.08582627773284912
Cube,483,-0.001639713766053319,-0.6291715502738953,0.09813105314970016
Cube,484,-0.0011594472452998161,-0.6190130114555359,0.10110024362802505
Cube,485,0.007281117141246796,-0.6201256513595581,0.09770768135786057
Cube,486,0.01611344702541828,-0.5853540897369385,0.040049511939287186
Cube,487,0.024230528622865677,-0.5844123959541321,0.05714723840355873
Cube,488,0.026533186435699463,-0.580161452293396,0.08496606349945068
Cube,489,0.014788668602705002,-0.5772879123687744,0.10924018919467926
Cube,490,-0.0012373394565656781,-0.5823266506195068,0.03231967240571976
Cube,491,-0.0017561530694365501,-0.5736194849014282,0.12158231437206268
Cube,492,-0.025875933468341827,-0.7119057774543762,0.028817377984523773
Cube,493,-0.02904903143644333,-0.6750809550285339,0.04686681926250458
Cube,494,-0.008380883373320103,-0.7076325416564941,0.06469147652387619
Cube,495,-0.026629509404301643,-0.6772984266281128,0.05922619253396988
Cube,496,-0.025810539722442627,-0.7169148921966553,0.043658506125211716
Cube,497,-0.026428885757923126,-0.6643131375312805,0.060881998389959335
Cube,498,-0.022956950590014458,-0.7174503207206726,0.056176185607910156
Cube,499,-0.028332144021987915,-0.662407398223877,0.04756026342511177
Cube,500,-0.02958003431558609,-0.6940441131591797,0.026549221947789192
Cube,501,-0.012157855555415154,-0.6995182037353516,0.06489691883325577
Cube,502,-0.015883006155490875,-0.6940037608146667,0.06421469151973724
Cube,503,-0.0303802452981472,-0.6957812905311584,0.043263744562864304
Cube,504,-0.023699196055531502,-0.6601353287696838,0.036280129104852676
Cube,505,-0.02660331502556801,-0.6969886422157288,0.05726472660899162
Cube,506,-0.010427751578390598,-0.6955677270889282,0.06447197496891022
Cube,507,-0.02511643059551716,-0.6720151305198669,0.032422348856925964
Cube,508,-0.020275825634598732,-0.6981980800628662,0.06499090790748596
Cube,509,-0.01901066116988659,-0.6897415518760681,0.06651772558689117
Cube,510,-0.017394280061125755,-0.713742733001709,0.06368853896856308
Cube,511,-0.017482198774814606,-0.6989724040031433,0.0649651437997818
Cube,512,-0.014855573885142803,-0.7129551768302917,0.06561112403869629
Cube,513,-0.02636592835187912,-0.6528161764144897,0.06648760288953781
Cube,514,-0.0279012992978096,-0.6520495414733887,0.053328417241573334
Cube,515,-0.019611027091741562,-0.6522354483604431,0.07327216863632202
Cube,516,-0.022581106051802635,-0.6499570608139038,0.039733950048685074
Cube,517,-0.020098693668842316,-0.6638498902320862,0.07086995244026184
Cube,518,-0.027086613699793816,-0.6355199217796326,0.0814845860004425
Cube,519,-0.026812070980668068,-0.6346642374992371,0.06376148760318756
Cube,520,-0.011553858406841755,-0.6286860704421997,0.09754490852355957
Cube,521,-0.020871924236416817,-0.6336908340454102,0.04895664006471634
Cube,522,-0.01944480650126934,-0.6140673756599426,0.048087552189826965
Cube,523,-0.015825839713215828,-0.6122172474861145,0.09767581522464752
Cube,524,-0.026673268526792526,-0.613693356513977,0.06378109008073807
Cube,525,-0.025700483471155167,-0.6128460764884949,0.08416303992271423
Cube,526,-0.019467609003186226,-0.6354316473007202,0.09040729701519012
Cube,527,-0.010030136443674564,-0.6192810535430908,0.10050658136606216
Cube,528,-0.0136787761002779,-0.5828794836997986,0.04581766948103905
Cube,529,-0.019795186817646027,-0.5807443261146545,0.06609050929546356
Cube,530,-0.02114049531519413,-0.5733917355537415,0.09287980198860168
Cube,531,-0.020670736208558083,-0.5693432092666626,0.11314567923545837
Cube,532,0.04630229249596596,-0.6990646123886108,0.005237448029220104
Cube,533,0.07146209478378296,-0.6920533776283264,0.008595792576670647
Cube,534,0.08623239398002625,-0.6603030562400818,0.02649138867855072
Cube,535,0.059444278478622437,-0.6896218061447144,0.04881160706281662
Cube,536,0.05146050453186035,-0.6994521021842957,0.04822256788611412
Cube,537,0.0804227739572525,-0.6618337035179138,0.042264174669981
Cube,538,0.04715464264154434,-0.7050068974494934,0.016851522028446198
Cube,539,0.07303008437156677,-0.6960035562515259,0.021318502724170685
Cube,540,0.08252164721488953,-0.6525877118110657,0.04723525792360306
Cube,541,0.04940477013587952,-0.7051256895065308,0.03520743176341057
Cube,542,0.07072962075471878,-0.6963236927986145,0.036743029952049255
Cube,543,0.08657105267047882,-0.651155412197113,0.03294333815574646
Cube,544,0.04829821363091469,-0.6783484816551208,0.0028107627294957638
Cube,545,0.0763312354683876,-0.6774922609329224,0.007488281466066837
Cube,546,0.05488703027367592,-0.651676595211029,0.06273521482944489
Cube,547,0.06342495232820511,-0.6812839508056641,0.04969445616006851
Cube,548,0.06680633127689362,-0.6742803454399109,0.050925999879837036
Cube,549,0.08205115050077438,-0.6772016286849976,0.0193118117749691
Cube,550,0.07955466210842133,-0.6476116180419922,0.023934921249747276
Cube,551,0.07699278742074966,-0.6773876547813416,0.03639676794409752
Cube,552,0.05325010418891907,-0.6463767886161804,0.023203177377581596
Cube,553,0.05338044464588165,-0.6663913130760193,0.05666853114962578
Cube,554,0.05131872743368149,-0.6568447351455688,0.013886982575058937
Cube,555,0.06164819747209549,-0.6756631135940552,0.049955468624830246
Cube,556,0.07863251119852066,-0.6577797532081604,0.015104909427464008
Cube,557,0.07067669928073883,-0.680019199848175,0.04699215292930603
Cube,558,0.07004109770059586,-0.6712761521339417,0.053492724895477295
Cube,559,0.06636487692594528,-0.6941445469856262,0.046413276344537735
Cube,560,0.051963288336992264,-0.6923825740814209,0.051055412739515305
Cube,561,0.051428183913230896,-0.674680769443512,0.051374729722738266
Cube,562,0.05275464057922363,-0.6816745400428772,0.04992641136050224
Cube,563,0.06807730346918106,-0.680699348449707,0.04768219590187073
Cube,564,0.06411194801330566,-0.6930221915245056,0.04717643931508064
Cube,565,0.05160324648022652,-0.6971162557601929,0.05011934041976929
Cube,566,0.051904160529375076,-0.6707618832588196,0.052676353603601456
Cube,567,0.08287575095891953,-0.6439821124076843,0.053752701729536057
Cube,568,0.08675730228424072,-0.6433336138725281,0.041243523359298706
Cube,569,0.05413796380162239,-0.6426693797111511,0.07057743519544601
Cube,570,0.07281624525785446,-0.6439231038093567,0.06238396465778351
Cube,571,0.07950076460838318,-0.639561116695404,0.03132570907473564
Cube,572,0.05476715788245201,-0.6381383538246155,0.03084632195532322
Cube,573,0.07375014573335648,-0.6522518992424011,0.05896656587719917
Cube,574,0.08421196043491364,-0.6250524520874023,0.0667756050825119
Cube,575,0.08736646175384521,-0.6259636878967285,0.05091993138194084
Cube,576,0.05705602467060089,-0.6261959075927734,0.08301468938589096
Cube,577,0.06875486671924591,-0.6165887117385864,0.08347822725772858
Cube,578,0.0791064202785492,-0.6246628761291504,0.043022915720939636
Cube,579,0.05602589622139931,-0.623277485370636,0.04305167868733406
Cube,580,0.06246991083025932,-0.6053861975669861,0.042662959545850754
Cube,581,0.07956352084875107,-0.6067969799041748,0.04324548691511154
Cube,582,0.07946071773767471,-0.6013563871383667,0.08043375611305237
Cube,583,0.06266693025827408,-0.5971648693084717,0.09051236510276794
Cube,584,0.0867767333984375,-0.6062891483306885,0.05075816437602043
Cube,585,0.08770328015089035,-0.603588879108429,0.06549078971147537
Cube,586,0.07300719618797302,-0.6241118311882019,0.07711346447467804
Cube,587,0.05896788090467453,-0.6165114045143127,0.08677228540182114
Cube,588,0.06086296960711479,-0.6067878603935242,0.08885765820741653
Cube,589,0.07119853794574738,-0.6070813536643982,0.0854640081524849
Cube,590,0.085642509162426,-0.5857415199279785,0.036044202744960785
Cube,591,0.09129082411527634,-0.58284991979599,0.047644127160310745
Cube,592,0.09069403260946274,-0.5751270651817322,0.06274927407503128
Cube,593,0.08877599239349365,-0.5677616000175476,0.083180271089077
Cube,594,0.0663081482052803,-0.5813400149345398,0.02931712009012699
Cube,595,0.0641188994050026,-0.5653132796287537,0.10479430854320526
Cube,596,0.028781170025467873,-0.6918833255767822,0.014986954629421234
Cube,597,0.02970735915005207,-0.6628024578094482,0.04223664477467537
Cube,598,0.04538701847195625,-0.6901324391365051,0.048083800822496414
Cube,599,0.03219228982925415,-0.6639714241027832,0.049853917211294174
Cube,600,0.02951519377529621,-0.6967468857765198,0.026430509984493256
Cube,601,0.03267368674278259,-0.651465654373169,0.05410930514335632
Cube,602,0.034195415675640106,-0.6973603963851929,0.04053042456507683
Cube,603,0.030889978632330894,-0.6517295837402344,0.04456217959523201
Cube,604,0.027430908754467964,-0.6785704493522644,0.01953030936419964
Cube,605,0.04239465296268463,-0.6818182468414307,0.04793231561779976
Cube,606,0.041425514966249466,-0.6718330383300781,0.05100494995713234
Cube,607,0.02659769169986248,-0.6794415712356567,0.03342723101377487
Cube,608,0.034966256469488144,-0.6509387493133545,0.03578717261552811
Cube,609,0.032051920890808105,-0.6802270412445068,0.04436866194009781
Cube,610,0.04327986016869545,-0.6751448512077332,0.0492926649749279
Cube,611,0.03265656158328056,-0.661284327507019,0.03025246225297451
Cube,612,0.03624216094613075,-0.6814400553703308,0.04865173250436783
Cube,613,0.03751078620553017,-0.6679627895355225,0.055107880383729935
Cube,614,0.03852200508117676,-0.6952108144760132,0.048553191125392914
Cube,615,0.038349173963069916,-0.681697428226471,0.04766447842121124
Cube,616,0.040670957416296005,-0.6938833594322205,0.04853669926524162
Cube,617,0.03265577554702759,-0.641282320022583,0.05973247438669205
Cube,618,0.03178080543875694,-0.641747236251831,0.049757473170757294
Cube,619,0.03921183571219444,-0.6416294574737549,0.06556043773889542
Cube,620,0.03720197454094887,-0.6415062546730042,0.04000554978847504
Cube,621,0.03841207176446915,-0.6505936980247498,0.06200161948800087
Cube,622,0.03206491097807884,-0.6219156384468079,0.07721761614084244
Cube,623,0.033652808517217636,-0.6222220063209534,0.061379507184028625
Cube,624,0.04943172633647919,-0.6157480478286743,0.08767417073249817
Cube,625,0.04297412559390068,-0.6228414177894592,0.0499069020152092
Cube,626,0.04632354527711868,-0.6044431924819946,0.049327682703733444
Cube,627,0.04607737436890602,-0.6025062203407288,0.08847256004810333
Cube,628,0.04031424596905708,-0.6033555269241333,0.06138290837407112
Cube,629,0.03837215155363083,-0.602590799331665,0.07811806350946426
Cube,630,0.04160122573375702,-0.6221222877502441,0.08332914113998413
Cube,631,0.05115370452404022,-0.6080116033554077,0.08948545157909393
Cube,632,0.051438044756650925,-0.5817238092422485,0.036670342087745667
Cube,633,0.045579202473163605,-0.5808891654014587,0.05355362594127655
Cube,634,0.04334116354584694,-0.5739097595214844,0.08164545893669128
Cube,635,0.040555838495492935,-0.5700277090072632,0.10222090035676956
Cube,636,0.17173148691654205,-0.5314006805419922,0.034787844866514206
Cube,637,0.14047600328922272,-0.5142770409584045,0.08989369124174118
Cube,638,0.11696717888116837,-0.5623513460159302,0.019592875614762306
Cube,639,0.10363081842660904,-0.549710214138031,0.1000039279460907
Cube,640,-0.15444675087928772,-0.5245609879493713,0.16044139862060547
Cube,641,-0.11449871957302094,-0.5454376935958862,0.1544589400291443
Cube,642,-0.12561418116092682,-0.5636246800422668,0.005236825440078974
Cube,643,-0.14938749372959137,-0.5412020683288574,-0.003739448031410575
Cube,644,-0.22112450003623962,-0.5335989594459534,0.07608847320079803
Cube,645,-0.22483189404010773,-0.5264624953269958,0.030038215219974518
Cube,646,-0.2025490701198578,-0.5327113270759583,0.11763788759708405
Cube,647,-0.039770208299160004,-0.5729566216468811,0.018034910783171654
Cube,648,-0.04157180339097977,-0.5522023439407349,0.13893094658851624
Cube,649,0.032683491706848145,-0.5502969622612,0.12366265058517456
Cube,650,-0.06393861770629883,-0.5277252197265625,0.15596847236156464
Cube,651,-0.07769797742366791,-0.5683645606040955,0.005841842852532864
Cube,652,-0.08937565237283707,-0.5352239608764648,0.1455402374267578
Cube,653,0.02454054169356823,-0.5720903277397156,0.01783936098217964
Cube,654,0.021236982196569443,-0.5531436204910278,0.1284911334514618
Cube,655,0.04313252866268158,-0.5692406296730042,0.015827130526304245
Cube,656,0.0021489006467163563,-0.5314890146255493,0.14780095219612122
Cube,657,-0.01086211297661066,-0.5715178847312927,0.022344263270497322
Cube,658,-0.018466228619217873,-0.5499804019927979,0.13475152850151062
Cube,659,0.09068513661623001,-0.5732073783874512,0.022251415997743607
Cube,660,0.0808219164609909,-0.5489763021469116,0.10715048760175705
Cube,661,0.0592111311852932,-0.5290256142616272,0.12510491907596588
Cube,662,0.059020236134529114,-0.5689346194267273,0.016921808943152428
Cube,663,0.04461362585425377,-0.5505049228668213,0.11900787800550461
Cube,664,0.10314562916755676,-0.569031834602356,0.020589366555213928
Cube,665,0.047870393842458725,-0.5518265962600708,0.0009647142142057419
Cube,666,0.08559989184141159,-0.5095246434211731,0.11520913243293762
Cube,667,0.09323357045650482,-0.5462514162063599,0.1016506776213646
Cube,668,0.08657289296388626,-0.43773481249809265,0.14067961275577545
Cube,669,0.09860048443078995,-0.5786559581756592,0.04800364747643471
Cube,670,0.1124616265296936,-0.5454187393188477,0.0058474671095609665
Cube,671,0.059392426162958145,-0.274954229593277,0.22875502705574036
Cube,672,0.09992220997810364,-0.5817570686340332,0.036662112921476364
Cube,673,0.0719793289899826,-0.35058578848838806,0.18053437769412994
Cube,674,0.09875340014696121,-0.5659711360931396,0.07673460990190506
Cube,675,0.02160273864865303,-0.4431352913379669,0.1554020643234253
Cube,676,0.017879528924822807,-0.2772081196308136,0.2576621472835541
Cube,677,0.031205609440803528,-0.5808671712875366,0.056031059473752975
Cube,678,0.03141428902745247,-0.5828832983970642,0.03815832361578941
Cube,679,0.014488784596323967,-0.35357141494750977,0.20129260420799255
Cube,680,0.02899853326380253,-0.5743594765663147,0.08489898592233658
Cube,681,0.03404369205236435,-0.5149042010307312,0.13535575568675995
Cube,682,0.09759260714054108,-0.5717570781707764,0.06153067573904991
Cube,683,0.1473160684108734,-0.43269363045692444,0.10079606622457504
Cube,684,0.13823202252388,-0.3421194553375244,0.12312738597393036
Cube,685,0.12348522990942001,-0.163676917552948,0.17472201585769653
Cube,686,0.11889202892780304,-0.24809874594211578,0.1546049863100052
Cube,687,-0.038743529468774796,-0.3686254024505615,0.21807706356048584
Cube,688,-0.02897116169333458,-0.5486791729927063,0.13694532215595245
Cube,689,-0.03223003074526787,-0.5590134859085083,0.11400827020406723
Cube,690,-0.029854055494070053,-0.4470241665840149,0.17213036119937897
Cube,691,-0.03923219069838524,-0.2819843590259552,0.28373509645462036
Cube,692,-0.030484013259410858,-0.5225133895874023,0.1525055170059204
Cube,693,-0.10225187242031097,-0.44821950793266296,0.189375102519989
Cube,694,-0.11220487207174301,-0.27762115001678467,0.30038782954216003
Cube,695,-0.09931550920009613,-0.5139135718345642,0.16005684435367584
Cube,696,-0.10660772025585175,-0.3645232319831848,0.24231882393360138
Cube,697,-0.10159619152545929,-0.5328854918479919,0.1517666131258011
Cube,698,-0.09889690577983856,-0.5516345500946045,0.12861184775829315
Cube,699,-0.02050703950226307,-0.5428721904754639,-0.004365459084510803
Cube,700,-0.09987498819828033,-0.5627796053886414,0.0030483209993690252
Cube,701,-0.09869609773159027,-0.5805124640464783,0.05071397125720978
Cube,702,-0.09012272208929062,-0.5387783050537109,-0.004556584637612104
Cube,703,-0.031028160825371742,-0.5847802758216858,0.04814109206199646
Cube,704,-0.0294911228120327,-0.5822205543518066,0.06608594954013824
Cube,705,-0.031644538044929504,-0.5682156682014465,0.0937548503279686
Cube,706,-0.10429508984088898,-0.5776898264884949,0.022633852437138557
Cube,707,-0.10183998942375183,-0.5687521696090698,0.0882546454668045
Cube,708,-0.0276859849691391,-0.5707762837409973,0.017693128436803818
Cube,709,-0.0730753093957901,-0.544744074344635,-0.0053039356134831905
Cube,710,-0.08595232665538788,-0.5638870596885681,0.003226716537028551
Cube,711,0.06037067994475365,0.05948791280388832,0.2937914729118347
Cube,712,0.12616825103759766,-0.018132956698536873,0.34702008962631226
Cube,713,0.09953654557466507,0.028841709718108177,0.3397310972213745
Cube,714,0.0654362142086029,0.046325940638780594,0.22157569229602814
Cube,715,0.12375697493553162,-0.07422111928462982,0.34586143493652344
Cube,716,0.08552435040473938,-0.13488180935382843,0.288348913192749
Cube,717,0.1055668517947197,-0.08534988760948181,0.183315709233284
Cube,718,0.09731948375701904,-0.007285856641829014,0.17643585801124573
Cube,719,-0.15484145283699036,-0.025407230481505394,0.37893953919410706
Cube,720,-0.11642128974199295,0.02149304561316967,0.36125120520591736
Cube,721,-0.12925350666046143,-0.11196121573448181,0.3435830771923065
Cube,722,-0.0755334421992302,0.07302076369524002,0.304157018661499
Cube,723,-0.15159571170806885,-0.07226207852363586,0.3578051030635834
Cube,724,-0.1318577378988266,-0.0992610827088356,0.23191475868225098
Cube,725,-0.08365651965141296,0.06714653968811035,0.22335705161094666
Cube,726,-0.12159987539052963,-0.025147877633571625,0.20686626434326172
Cube,727,0.09222482889890671,0.08804664015769958,0.7292622923851013
Cube,728,0.08362278342247009,-0.1399671584367752,0.7209258675575256
Cube,729,-0.10521113127470016,0.0822555348277092,0.7299892902374268
Cube,730,-0.12612208724021912,-0.13796931505203247,0.7193669676780701
Cube,731,0.009506955742835999,-0.17772276699543,0.7193669676780701
Cube,732,-0.05930478125810623,-0.18153372406959534,0.7193669676780701
Cube,733,-0.04970989003777504,0.15421773493289948,0.7246916890144348
Cube,734,0.051205504685640335,0.14347624778747559,0.7189963459968567
Cube,735,0.14718885719776154,0.003647779580205679,0.7270892858505249
Cube,736,0.1532858908176422,-0.06318792700767517,0.7274725437164307
Cube,737,-0.16612322628498077,-0.09652126580476761,0.7214759588241577
Cube,738,-0.16363205015659332,0.0031893712002784014,0.7263526916503906
Cube,739,-0.07440240681171417,-0.49322590231895447,-0.003270578570663929
Cube,740,-0.09281031042337418,-0.5784169435501099,0.026385992765426636
Cube,741,-0.06507065147161484,-0.49648237228393555,-0.00486969668418169
Cube,742,-0.08203228563070297,-0.5414566397666931,-0.004555883351713419
Cube,743,-0.09697496145963669,-0.5764997005462646,0.024036748334765434
Cube,744,-0.09180475771427155,-0.5630834102630615,0.0035409284755587578
Cube,745,0.024170152842998505,-0.5978163480758667,0.060570962727069855
Cube,746,0.01402920950204134,-0.5946223735809326,0.10178490728139877
Cube,747,-0.001392653677612543,-0.591174840927124,0.11369527131319046
Cube,748,0.015984004363417625,-0.5977604985237122,0.04536419361829758
Cube,749,0.0251463633030653,-0.5961650013923645,0.08281540870666504
Cube,750,-0.0018819693941622972,-0.5963228344917297,0.03910566121339798
Cube,751,-0.021927205845713615,-0.5962516665458679,0.06521917134523392
Cube,752,-0.017037425190210342,-0.5897425413131714,0.10543662309646606
Cube,753,-0.016444003209471703,-0.5960110425949097,0.04811154678463936
Cube,754,-0.020960608497262,-0.5929069519042969,0.08820045739412308
Cube,755,-0.03669073432683945,-0.6011673808097839,0.06423214823007584
Cube,756,-0.04492803290486336,-0.5984499454498291,0.10680471360683441
Cube,757,-0.061367928981781006,-0.5958675146102905,0.11694280058145523
Cube,758,-0.040192048996686935,-0.6014546155929565,0.04399687051773071
Cube,759,-0.03647974133491516,-0.5985668301582336,0.08851055800914764
Cube,760,-0.0594453290104866,-0.6012697815895081,0.029093129560351372
Cube,761,-0.09054828435182571,-0.5988801717758179,0.05656927451491356
Cube,762,-0.07887466251850128,-0.592003345489502,0.10261953622102737
Cube,763,-0.08293664455413818,-0.6018462181091309,0.03563285991549492
Cube,764,-0.0890103131532669,-0.5928417444229126,0.08209414035081863
Cube,765,0.08822466433048248,-0.5931645035743713,0.04932231456041336
Cube,766,0.08498650789260864,-0.5836741328239441,0.08188657462596893
Cube,767,0.06567947566509247,-0.5802574157714844,0.09995367377996445
Cube,768,0.0825946182012558,-0.5939392447471619,0.03919847309589386
Cube,769,0.08875633031129837,-0.5883365869522095,0.06462101638317108
Cube,770,0.06429502367973328,-0.591986894607544,0.036440659314394
Cube,771,0.043895427137613297,-0.5912980437278748,0.05807890370488167
Cube,772,0.04392240568995476,-0.5849648714065552,0.0957455113530159
Cube,773,0.04949100315570831,-0.5918660759925842,0.04369402304291725
Cube,774,0.041894957423210144,-0.5875740051269531,0.07986432313919067
Cube,775,0.152690127491951,-0.5876058340072632,0.04400692507624626
Cube,776,0.1388806253671646,-0.5807841420173645,0.07508343458175659
Cube,777,0.12108944356441498,-0.5776393413543701,0.08524514734745026
Cube,778,0.15114057064056396,-0.5910304188728333,0.010568501427769661
Cube,779,0.1464875489473343,-0.5835068821907043,0.06341756135225296
Cube,780,0.1207425594329834,-0.5862298607826233,0.021930351853370667
Cube,781,0.10672592371702194,-0.5848211646080017,0.04583974927663803
Cube,782,0.10659050196409225,-0.579139232635498,0.07119975239038467
Cube,783,0.11122851818799973,-0.5857959985733032,0.03512495383620262
Cube,784,0.10650178045034409,-0.5810163021087646,0.05832972377538681
Cube,785,0.028988830745220184,-0.4395403265953064,-0.010334491729736328
Cube,786,-0.017776986584067345,-0.5004677176475525,-0.008778060786426067
Cube,787,0.06427856534719467,-0.4955368936061859,-0.011478640139102936
Cube,788,-0.015186905860900879,-0.44900742173194885,-0.008003313094377518
Cube,789,0.06422007083892822,-0.4401586949825287,-0.0077882371842861176
Cube,790,0.003045761026442051,-0.5714432001113892,0.02164822816848755
Cube,791,0.07198791205883026,-0.5700058341026306,0.020040877163410187
Cube,792,0.08222223073244095,-0.5474774241447449,0.005740931257605553
Cube,793,0.13517378270626068,-0.4769393503665924,-0.001249736174941063
Cube,794,0.10037852823734283,-0.43099722266197205,-0.0024073440581560135
Cube,795,0.1574811339378357,-0.40866827964782715,0.015594828873872757
Cube,796,0.13066108524799347,-0.4268893897533417,0.005966693162918091
Cube,797,0.1742180585861206,-0.46106860041618347,0.030866926535964012
Cube,798,0.1631583422422409,-0.397871732711792,0.03547673672437668
Cube,799,-0.056805744767189026,-0.5708644986152649,0.012866707518696785
